chr1,52535911,52536031,chr1_p32.3_001_rs138950929,,,
chr1,53114676,53114796,chr1_p32.3_002_rs706497,,,
chr1,53250855,53250975,chr1_p32.3_003_rs7523761,,,
chr1,53592957,53593077,chr1_p32.3_004_rs1679965,,,
chr1,54003688,54003808,chr1_p32.3_005_rs12739933,,,
chr1,54196869,54196989,chr1_p32.3_006_rs808860,,,
chr1,54656591,54656711,chr1_p32.3_007_rs4927066,,,
chr1,55035209,55035329,chr1_p32.3_008_rs300279,,,
chr1,55271714,55271834,chr1_p32.3_009_rs757581,,,
chr1,55672270,55672390,chr1_p32.3_010_rs113069542,,,
chr1,55939647,55939767,chr1_p32.3_011_rs574299730;rs552787696,,,
,,,,,,
,,,,,,
chr1,92281525,92281645,chr1_p22.1_001_rs10783036,,,
chr1,92509706,92509826,chr1_p22.1_002_rs1023039,,,
chr1,93129982,93130102,chr1_p22.1_003_rs369943982,,,
chr1,94040134,94040254,chr1_p22.1_004_rs493883,,,
chr1,94310634,94310754,chr1_p22.1_005_rs2391315,,,
chr1,94613965,94614085,chr1_p22.1_006_rs2781572,,,
,,,,,,
,,,,,,
chr1,94937950,94938070,chr1_p21.3_001_rs4148072,,,
chr1,95284170,95284290,chr1_p21.3_002_rs3890118,,,
chr1,95607626,95607746,chr1_p21.3_003_rs35609217,,,
chr1,95915763,95915883,chr1_p21.3_004_rs12040149,,,
chr1,96272059,96272179,chr1_p21.3_005_rs11165492,,,
chr1,96610274,96610394,chr1_p21.3_006_rs1222056,,,
chr1,96913989,96914109,chr1_p21.3_007_rs1931180,,,
chr1,97284779,97284899,chr1_p21.3_008_rs603231,,,
chr1,97594000,97594120,chr1_p21.3_009_rs4950021,,,
chr1,97951909,97952029,chr1_p21.3_010_rs4949955,,,
chr1,98461383,98461503,chr1_p21.3_011_rs9662365,,,
chr1,98615014,98615134,chr1_p21.3_012_rs355361,,,
chr1,98903804,98903924,chr1_p21.3_013_rs11166014,,,
chr1,99277979,99278099,chr1_p21.3_014_rs7536213,,,
chr1,99589364,99589484,chr1_p21.3_015_rs303387,,,
chr1,99969099,99969219,chr1_p21.2_001_rs7517211,,,
chr1,100277539,100277659,chr1_p21.2_002_rs1565744,,,
chr1,100612615,100612735,chr1_p21.2_003_rs499479,,,
chr1,100970286,100970406,chr1_p21.2_004_rs10875295,,,
chr1,101272342,101272462,chr1_p21.2_005_rs12132178,,,
chr1,101621028,101621148,chr1_p21.2_006_rs4000121,,,
chr1,101938760,101938880,chr1_p21.2_007_rs5776571,,,
chr1,102273888,102274008,chr1_p21.1_001_rs10782853,,,
chr1,102608517,102608637,chr1_p21.1_002_rs2022858,,,
chr1,103318860,103318980,chr1_p21.1_003_rs34537165,,,
chr1,103496745,103496865,chr1_p21.1_004_rs546786215;rs546786215;rs539148347;rs570169691,,,
chr1,104048264,104048384,chr1_p21.1_005_rs60595261,,,
chr1,104419770,104419890,chr1_p21.1_006_rs1999480,,,
chr1,104524642,104524762,chr1_p21.1_007_rs2019634,,,
chr1,104944539,104944659,chr1_p21.1_008_rs1448377,,,
chr1,105285342,105285462,chr1_p21.1_009_rs10881195,,,
chr1,105638361,105638481,chr1_p21.1_010_rs11184419,,,
chr1,105942044,105942164,chr1_p21.1_011_rs10465774,,,
chr1,106306122,106306242,chr1_p21.1_012_rs791002,,,
chr1,106461602,106461722,chr1_p21.1_013_rs3907134,,,
chr1,106795770,106795890,chr1_p21.1_014_rs12043480,,,
,,,,,,
,,,,,,
chr1,117947837,117947957,chr1_p12_001_rs3216042,,,
chr1,118254998,118255118,chr1_p12_002_rs2002747,,,
chr1,118644370,118644490,chr1_p12_003_rs10754367,,,
chr1,118933839,118933959,chr1_p12_004_rs10923561,,,
chr1,119275527,119275647,chr1_p12_005_rs6700488,,,
chr1,119577777,119577897,chr1_p12_006_rs2247883,,,
chr1,119941093,119941213,chr1_p12_007_rs5777391,,,
chr1,120242477,120242597,chr1_p12_008_rs10802132,,,
,,,,,,
,,,,,,
chr1,143243954,143244074,chr1_q21.1_001_rs35885859,,,
chr1,143938948,143939068,chr1_q21.1_002_rs199492505,,,
chr1,144051101,144051221,chr1_q21.1_003_rs11810578;rs77196483,,,
chr1,144585560,144585680,chr1_q21.1_004_rs1971551,,,
chr1,144917139,144917259,chr1_q21.1_005_rs1699800,,,
chr1,145250289,145250409,chr1_q21.1_006_rs142553870,,,
chr1,145555593,145555713,chr1_q21.1_007_rs6424379,,,
chr1,145993758,145993878,chr1_q21.1_008_rs201983166,,,
chr1,146549805,146549925,chr1_q21.1_009_rs12753485,,,
chr1,146917529,146917649,chr1_q21.1_010_rs6688244,,,
chr1,147249823,147249943,chr1_q21.2_001_rs10900398,,,
chr1,147737021,147737141,chr1_q21.2_002_rs141494088,,,
chr1,147920916,147921036,chr1_q21.2_003_rs147643443,,,
chr1,148215522,148215642,chr1_q21.2_004_rs61811684,,,
chr1,148631366,148631486,chr1_q21.2_005_rs143142634,,,
chr1,149912059,149912179,chr1_q21.2_006_rs587605349,,,
chr1,150187276,150187396,chr1_q21.2_007_rs6680040,,,
chr1,150536120,150536240,chr1_q21.3_001_rs111358816,,,
chr1,150916597,150916717,chr1_q21.3_002_rs2271076,,,
chr1,151263722,151263842,chr1_q21.3_003_rs10788803,,,
chr1,151588755,151588875,chr1_q21.3_004_rs1196357,,,
chr1,151952825,151952945,chr1_q21.3_005_rs2999528,,,
chr1,152590127,152590247,chr1_q21.3_006_rs6677595,,,
chr1,152908754,152908874,chr1_q21.3_007_rs58298199,,,
chr1,153234988,153235108,chr1_q21.3_008_rs12136773,,,
chr1,153604052,153604172,chr1_q21.3_009_rs1046381,,,
chr1,153665859,153665979,chr1_q21.3_010_rs5777879,,,
chr1,154245452,154245572,chr1_q21.3_011_rs1194593,,,
chr1,154562570,154562690,chr1_q21.3_012_rs562872476,,,
chr1,154809970,154810090,chr1_q21.3_013_rs1218578,,,
,,,,,,
chr1,155258692,155258812,chr1_q22_001_rs3814319,,,
chr1,156215839,156215959,chr1_q22_002_rs2075165,,,
chr1,156230876,156230996,chr1_q22_003_rs759329,,,
,,,,,,
chr4,328432,328552,chr4_p16.3_001_rs58361877,,,
chr4,663848,663968,chr4_p16.3_002_rs28675771,,,
chr4,809727,809847,chr4_p16.3_003_rs9328758,,,
chr4,1073700,1073820,chr4_p16.3_004_rs1466214,,,
chr4,1353261,1353381,chr4_p16.3_005_rs3796613,,,
chr4,1596911,1597031,chr4_p16.3_006_rs13114182,,,
chr4,1788934,1789054,chr4_p16.3_007_rs11248077,,,
chr4,2269317,2269437,chr4_p16.3_008_rs11248091,,,
chr4,2412957,2413077,chr4_p16.3_009_rs7662675,,,
chr4,2674211,2674331,chr4_p16.3_010_rs17825119,,,
chr4,2938591,2938711,chr4_p16.3_011_rs2798287,,,
chr4,3224873,3224993,chr4_p16.3_012_rs362319,,,
chr4,3498110,3498230,chr4_p16.3_013_rs2699411,,,
chr4,3753357,3753477,chr4_p16.3_014_rs10013535,,,
chr4,4308875,4308995,chr4_p16.3_015_rs1348317,,,
,,,,,,
,,,,,,
chr6,32497764,32497884,chr6_p21.32_001_rs201954564,,,
chr6,33421517,33421637,chr6_p21.32_002_rs2247385,,,
chr6,33641319,33641439,chr6_p21.31_001_rs1803831,,,
chr6,33918825,33918945,chr6_p21.31_002_rs2495963,,,
chr6,34144013,34144133,chr6_p21.31_003_rs1106280,,,
chr6,34463021,34463141,chr6_p21.31_004_rs10947505,,,
chr6,34531240,34531360,chr6_p21.31_005_rs10947510,,,
chr6,34801128,34801248,chr6_p21.31_006_rs11338045,,,
chr6,35107622,35107742,chr6_p21.31_007_rs3777748,,,
chr6,35407314,35407434,chr6_p21.31_008_rs12212952,,,
chr6,35578942,35579062,chr6_p21.31_009_rs3777747,,,
chr6,35765679,35765799,chr6_p21.31_010_rs2766598,,,
chr6,36129278,36129398,chr6_p21.31_011_rs11412829,,,
chr6,36289085,36289205,chr6_p21.31_012_rs763018,,,
chr6,36499511,36499631,chr6_p21.31_013_rs3798471,,,
chr6,36789487,36789607,chr6_p21.2_001_rs236377,,,
chr6,37003492,37003612,chr6_p21.2_002_rs11301913,,,
chr6,37338417,37338537,chr6_p21.2_003_rs111995724,,,
chr6,37710107,37710227,chr6_p21.2_004_rs13192185,,,
chr6,37729685,37729805,chr6_p21.2_005_rs1998583,,,
chr6,38240558,38240678,chr6_p21.2_006_rs62397024,,,
chr6,38396072,38396192,chr6_p21.2_007_rs35346876,,,
chr6,38670777,38670897,chr6_p21.2_008_rs1049346,,,
chr6,38907984,38908104,chr6_p21.2_009_rs56247488,,,
chr6,39126097,39126217,chr6_p21.2_010_rs2561410,,,
chr6,39343721,39343841,chr6_p21.2_011_rs1887715,,,
chr6,39674072,39674192,chr6_p21.2_012_rs7749025,,,
chr6,39848955,39849075,chr6_p21.2_013_rs11323047,,,
chr6,40086836,40086956,chr6_p21.2_014_rs6149540,,,
chr6,40350875,40350995,chr6_p21.2_015_rs16863,,,
chr6,40574112,40574232,chr6_p21.1_001_rs1890996,,,
chr6,40782959,40783079,chr6_p21.1_002_rs17316034,,,
chr6,40950909,40951029,chr6_p21.1_003_rs9471454,,,
chr6,41275784,41275904,chr6_p21.1_004_rs369091460,,,
chr6,41511890,41512010,chr6_p21.1_005_rs2395779,,,
chr6,41750762,41750882,chr6_p21.1_006_rs6925777,,,
chr6,41978214,41978334,chr6_p21.1_007_rs4607417,,,
chr6,42220057,42220177,chr6_p21.1_008_rs9394891,,,
chr6,42476746,42476866,chr6_p21.1_009_rs9471874,,,
chr6,42689695,42689815,chr6_p21.1_010_rs7764439,,,
chr6,43021916,43022036,chr6_p21.1_011_rs34298469,,,
chr6,43064635,43064755,chr6_p21.1_012_rs150253030,,,
chr6,43396265,43396385,chr6_p21.1_013_rs1214752,,,
chr6,43686438,43686558,chr6_p21.1_014_rs6932866,,,
chr6,43884169,43884289,chr6_p21.1_015_rs4711755,,,
chr6,44122356,44122476,chr6_p21.1_016_rs10537719,,,
chr6,44310108,44310228,chr6_p21.1_017_rs5875875,,,
chr6,44597385,44597505,chr6_p21.1_018_rs4714802,,,
chr6,44773202,44773322,chr6_p21.1_019_rs34679044,,,
chr6,45376796,45376916,chr6_p21.1_020_rs2064630,,,
chr6,45523887,45524007,chr6_p21.1_021_rs5875926,,,
chr6,45790950,45791070,chr6_p21.1_022_rs6458468,,,
chr6,46016931,46017051,chr6_p21.1_023_rs6902893,,,
,,,,,,
,,,,,,
chr8,118040729,118040849,chr8_q24.11_001_rs535695485,,,
chr8,118250268,118250388,chr8_q24.11_002_rs904544,,,
chr8,118527092,118527212,chr8_q24.11_003_rs1844321,,,
chr8,118815223,118815343,chr8_q24.11_004_rs11784788,,,
chr8,119108145,119108265,chr8_q24.11_005_rs7010382,,,
chr8,119350979,119351099,chr8_q24.12_001_rs2514945,,,
chr8,119502209,119502329,chr8_q24.12_002_rs2515045,,,
chr8,119831260,119831380,chr8_q24.12_003_rs903611,,,
chr8,120105387,120105507,chr8_q24.12_004_rs2465392,,,
chr8,120467294,120467414,chr8_q24.12_005_rs769094,,,
chr8,120611841,120611961,chr8_q24.12_006_rs2326305,,,
chr8,120847063,120847183,chr8_q24.12_007_rs1055131,,,
chr8,121135941,121136061,chr8_q24.12_008_rs4282615,,,
chr8,121389609,121389729,chr8_q24.12_009_rs11410110,,,
chr8,121689412,121689532,chr8_q24.12_010_rs5003013,,,
chr8,121926551,121926671,chr8_q24.12_011_rs2891943,,,
chr8,122184958,122185078,chr8_q24.12_012_rs1504663,,,
chr8,122456495,122456615,chr8_q24.12_013_rs35774499,,,
chr8,122790328,122790448,chr8_q24.13_001_rs7016012,,,
chr8,122963155,122963275,chr8_q24.13_002_rs907121,,,
chr8,123275305,123275425,chr8_q24.13_003_rs11419216,,,
chr8,123446569,123446689,chr8_q24.13_004_rs11368336,,,
chr8,123706095,123706215,chr8_q24.13_005_rs4871297,,,
chr8,123945981,123946101,chr8_q24.13_006_rs4870827,,,
chr8,124114273,124114393,chr8_q24.13_007_rs10956116,,,
chr8,124473178,124473298,chr8_q24.13_008_rs3824252,,,
chr8,124721884,124722004,chr8_q24.13_009_rs3824248,,,
chr8,125025218,125025338,chr8_q24.13_010_rs34559856,,,
chr8,125240271,125240391,chr8_q24.13_011_rs768711,,,
chr8,125511329,125511449,chr8_q24.13_012_rs6985260,,,
chr8,125756623,125756743,chr8_q24.13_013_rs4412352,,,
chr8,125944882,125945002,chr8_q24.13_014_rs1427083,,,
chr8,126417183,126417303,chr8_q24.13_015_rs2954006,,,
chr8,126534476,126534596,chr8_q24.13_016_rs921721,,,
chr8,126830277,126830397,chr8_q24.13_017_rs151176074,,,
chr8,126983581,126983701,chr8_q24.13_018_rs1388369,,,
,,,,,,
,,,,,,
chr11,63596003,63596123,chr11_q13.1_001_rs11602911,,,
chr11,63845234,63845354,chr11_q13.1_002_rs1212642,,,
chr11,64144465,64144585,chr11_q13.1_003_rs11231775,,,
chr11,64310300,64310420,chr11_q13.1_004_rs7949576,,,
chr11,64618708,64618828,chr11_q13.1_005_rs10897532,,,
chr11,64951367,64951487,chr11_q13.1_006_rs1467110,,,
chr11,65222245,65222365,chr11_q13.1_007_rs2846861,,,
chr11,65480708,65480828,chr11_q13.1_008_rs4244812,,,
chr11,65754002,65754122,chr11_q13.1_009_rs566590,,,
chr11,66079963,66080083,chr11_q13.2_001_rs10896109,,,
chr11,66675930,66676050,chr11_q13.2_002_rs6591226,,,
chr11,66833267,66833387,chr11_q13.2_003_rs12287978,,,
chr11,67262204,67262324,chr11_q13.2_004_rs144123290,,,
chr11,67482702,67482822,chr11_q13.2_005_rs3888898,,,
chr11,67983221,67983341,chr11_q13.2_006_rs4930564,,,
chr11,68295841,68295961,chr11_q13.2_007_rs10557748,,,
chr11,68566588,68566708,chr11_q13.3_001_rs111436340,,,
chr11,69140268,69140388,chr11_q13.3_002_rs61882160,,,
chr11,69390722,69390842,chr11_q13.3_003_rs565477,,,
chr11,69676326,69676446,chr11_q13.3_004_rs7128448,,,
chr11,69951125,69951245,chr11_q13.3_005_rs7947409,,,
chr11,70334434,70334554,chr11_q13.3_006_rs10899089,,,
chr11,70519564,70519684,chr11_q13.4_001_rs10899370,,,
chr11,70797638,70797758,chr11_q13.4_002_rs5020503,,,
chr11,71075045,71075165,chr11_q13.4_003_rs1660870,,,
chr11,71290330,71290450,chr11_q13.4_004_rs4494324,,,
chr11,71549114,71549234,chr11_q13.4_005_rs7107929,,,
chr11,71853745,71853865,chr11_q13.4_006_rs28464315,,,
chr11,72185202,72185322,chr11_q13.4_007_rs10898839,,,
chr11,72498940,72499060,chr11_q13.4_008_rs4944796,,,
chr11,72758293,72758413,chr11_q13.4_009_rs2276379,,,
chr11,72945960,72946080,chr11_q13.4_010_rs1783596,,,
chr11,73315775,73315895,chr11_q13.4_011_rs10671600,,,
chr11,73646421,73646541,chr11_q13.4_012_rs4285908,,,
chr11,73785266,73785386,chr11_q13.4_013_rs4453265,,,
chr11,74129073,74129193,chr11_q13.4_014_rs645184,,,
chr11,74391715,74391835,chr11_q13.4_015_rs10793103,,,
chr11,74886980,74887100,chr11_q13.4_016_rs1612859,,,
chr11,74994017,74994137,chr11_q13.4_017_rs631651,,,
chr11,75257967,75258087,chr11_q13.5_001_rs600387,,,
chr11,75433084,75433204,chr11_q13.5_002_rs1219539,,,
chr11,75860725,75860845,chr11_q13.5_003_rs34780817,,,
chr11,76104296,76104416,chr11_q13.5_004_rs7928709,,,
chr11,76358852,76358972,chr11_q13.5_005_rs7936603,,,
chr11,76767697,76767817,chr11_q13.5_006_rs713443,,,
chr11,76919569,76919689,chr11_q13.5_007_rs948960,,,
,,,,,,
,,,,,,
chr13,47455803,47455923,chr13_q14.2_001_rs985933,,,
chr13,47694741,47694861,chr13_q14.2_002_rs7329703,,,
chr13,47905560,47905680,chr13_q14.2_003_rs7329520,,,
chr13,48131785,48131905,chr13_q14.2_004_rs1359661,,,
chr13,48421341,48421461,chr13_q14.2_005_rs11330359,,,
chr13,48439784,48439904,chr13_q14.2_006_rs11396418,,,
chr13,49253911,49254031,chr13_q14.2_007_rs9595961,,,
chr13,49532912,49533032,chr13_q14.2_008_rs9535119,,,
chr13,49761974,49762094,chr13_q14.2_009_rs7333285,,,
chr13,49994885,49995005,chr13_q14.2_010_rs9535237,,,
chr13,50260107,50260227,chr13_q14.2_011_rs1535544,,,
chr13,50715674,50715794,chr13_q14.2_012_rs706610,,,
,,,,,,
,,,,,,
chr14,89936578,89936698,chr14_q32.11_001_rs34014499,,,
chr14,90202704,90202824,chr14_q32.11_002_rs10137250,,,
chr14,90537855,90537975,chr14_q32.11_003_rs6575103,,,
chr14,90752987,90753107,chr14_q32.11_004_rs7144070,,,
chr14,91027548,91027668,chr14_q32.11_005_rs1286496,,,
chr14,91313752,91313872,chr14_q32.11_006_rs1286290,,,
chr14,91524908,91525028,chr14_q32.11_007_rs727258,,,
chr14,91920458,91920578,chr14_q32.12_001_rs7145087,,,
chr14,92184440,92184560,chr14_q32.12_002_rs1533080,,,
chr14,92412566,92412686,chr14_q32.12_003_rs11365622,,,
chr14,92759313,92759433,chr14_q32.12_004_rs6575242,,,
chr14,93016098,93016218,chr14_q32.12_005_rs942060,,,
chr14,93298023,93298143,chr14_q32.12_006_rs4904992,,,
chr14,93617065,93617185,chr14_q32.12_007_rs7142471,,,
chr14,93686508,93686628,chr14_q32.12_008_rs528210789,,,
chr14,94159838,94159958,chr14_q32.12_009_rs28615802,,,
chr14,94391639,94391759,chr14_q32.12_010_rs10141024,,,
chr14,94578128,94578248,chr14_q32.12_011_rs1243080,,,
chr14,94992055,94992175,chr14_q32.13_001_rs7155467,,,
chr14,95266404,95266524,chr14_q32.13_002_rs11624885,,,
chr14,95539677,95539797,chr14_q32.13_003_rs10146757,,,
chr14,95846458,95846578,chr14_q32.13_004_rs1212182,,,
chr14,96141879,96141999,chr14_q32.13_005_rs5810745,,,
chr14,96446216,96446336,chr14_q32.2_001_rs7142422,,,
chr14,96682318,96682438,chr14_q32.2_002_rs2887499,,,
chr14,96933323,96933443,chr14_q32.2_003_rs539872505,,,
chr14,97173509,97173629,chr14_q32.2_004_rs12889606,,,
chr14,97527523,97527643,chr14_q32.2_005_rs2064487,,,
chr14,97667527,97667647,chr14_q32.2_006_rs12897877,,,
chr14,98103852,98103972,chr14_q32.2_007_rs234155,,,
chr14,98366842,98366962,chr14_q32.2_008_rs71307125,,,
chr14,98649000,98649120,chr14_q32.2_009_rs1381273,,,
chr14,98970104,98970224,chr14_q32.2_010_rs8003296,,,
chr14,99218315,99218435,chr14_q32.2_011_rs7161089,,,
chr14,99491177,99491297,chr14_q32.2_012_rs1257668,,,
chr14,99784195,99784315,chr14_q32.2_013_rs1257331,,,
chr14,100053116,100053236,chr14_q32.2_014_rs12880780,,,
chr14,100360202,100360322,chr14_q32.2_015_rs3783326,,,
chr14,100614975,100615095,chr14_q32.2_016_rs878078,,,
chr14,101181721,101181841,chr14_q32.2_017_rs4905998,,,
chr14,101489065,101489185,chr14_q32.31_001_rs34402091,,,
chr14,101708105,101708225,chr14_q32.31_002_rs17100071,,,
chr14,102025098,102025218,chr14_q32.31_003_rs8011440,,,
chr14,102369292,102369412,chr14_q32.31_004_rs72219666,,,
chr14,102979403,102979523,chr14_q32.31_005_rs942024,,,
chr14,103234952,103235072,chr14_q32.32_001_rs9989163,,,
chr14,103563361,103563481,chr14_q32.32_002_rs11628185,,,
chr14,103709914,103710034,chr14_q32.32_003_rs12897609,,,
chr14,103987080,103987200,chr14_q32.32_004_rs2071407,,,
chr14,104194218,104194338,chr14_q32.33_001_rs1535099,,,
chr14,104540795,104540915,chr14_q32.33_002_rs1744266,,,
chr14,104850513,104850633,chr14_q32.33_003_rs8009378,,,
chr14,105107862,105107982,chr14_q32.33_004_rs10142723,,,
chr14,105392669,105392789,chr14_q32.33_005_rs2819468,,,
chr14,105647502,105647622,chr14_q32.33_006_rs67388067,,,
chr14,105965769,105965889,chr14_q32.33_007_rs7158814,,,
chr14,106518007,106518127,chr14_q32.33_008_rs56852233,,,
chr14,106798360,106798480,chr14_q32.33_009_rs555080415,,,
chr14,107083573,107083693,chr14_q32.33_010_rs2516932,,,
,,,,,,
,,,,,,
chr16,74444173,74444293,chr16_q23.1_001_rs143495339,,,
chr16,74755451,74755571,chr16_q23.1_002_rs886548,,,
chr16,75050800,75050920,chr16_q23.1_003_rs9925180,,,
chr16,75393292,75393412,chr16_q23.1_004_rs17696696,,,
chr16,75516679,75516799,chr16_q23.1_005_rs2738809,,,
chr16,76018336,76018456,chr16_q23.1_006_rs11649423,,,
chr16,76330897,76331017,chr16_q23.1_007_rs13332281,,,
chr16,76650483,76650603,chr16_q23.1_008_rs11149915,,,
chr16,76978603,76978723,chr16_q23.1_009_rs58825701,,,
chr16,77267577,77267697,chr16_q23.1_010_rs7194724,,,
chr16,77565999,77566119,chr16_q23.1_011_rs6564447,,,
chr16,77904031,77904151,chr16_q23.1_012_rs11649054,,,
chr16,78209009,78209129,chr16_q23.1_013_rs11643308,,,
chr16,78662463,78662583,chr16_q23.1_014_rs4888819,,,
chr16,78856986,78857106,chr16_q23.1_015_rs7191005,,,
chr16,79169916,79170036,chr16_q23.1_016_rs2347090,,,
chr16,79491226,79491346,chr16_q23.2_001_rs374192204,,,
chr16,79840674,79840794,chr16_q23.2_002_rs535410238,,,
chr16,80158064,80158184,chr16_q23.2_003_rs12926289,,,
chr16,80438782,80438902,chr16_q23.2_004_rs9934116,,,
chr16,80741528,80741648,chr16_q23.2_005_rs11150307,,,
chr16,81142298,81142418,chr16_q23.2_006_rs4520846,,,
chr16,81437898,81438018,chr16_q23.2_007_rs2550737,,,
,,,,,,
,,,,,,
chr17,6654134,6654254,chr17_p13.1_001_rs8074514,,,
chr17,6906025,6906145,chr17_p13.1_002_rs11571338,,,
chr17,7228419,7228539,chr17_p13.1_003_rs201566486,,,
chr17,7537732,7537852,chr17_p13.1_004_rs727428,,,
chr17,7950892,7951012,chr17_p13.1_005_rs9898751,,,
chr17,8102719,8102839,chr17_p13.1_006_rs375216463,,,
chr17,8431393,8431513,chr17_p13.1_007_rs7225835,,,
chr17,8735043,8735163,chr17_p13.1_008_rs12952560,,,
chr17,9051621,9051741,chr17_p13.1_009_rs4791799,,,
chr17,9349797,9349917,chr17_p13.1_010_rs7216777,,,
chr17,9696823,9696943,chr17_p13.1_011_rs4791866,,,
chr17,9877752,9877872,chr17_p13.1_012_rs758469,,,
chr17,10223654,10223774,chr17_p13.1_013_rs2074877,,,
chr17,10525100,10525220,chr17_p13.1_014_rs4792007,,,
,,,,,,
,,,,,,
chr20,37873681,37873801,chr20_q12_001_rs1016550,,,
chr20,38118446,38118566,chr20_q12_002_rs6028457,,,
chr20,38466026,38466146,chr20_q12_003_rs211850,,,
chr20,38718855,38718975,chr20_q12_004_rs6016248,,,
chr20,38870580,38870700,chr20_q12_005_rs2870432,,,
chr20,39345880,39346000,chr20_q12_006_rs742739,,,
chr20,39516709,39516829,chr20_q12_007_rs6124287,,,
chr20,40146677,40146797,chr20_q12_008_rs11086806,,,
chr20,40255634,40255754,chr20_q12_009_rs6029738,,,
chr20,40563981,40564101,chr20_q12_010_rs2425464,,,
chr20,40857665,40857785,chr20_q12_011_rs6093598,,,
chr20,41169878,41169998,chr20_q12_012_rs2867484,,,
chr20,41443686,41443806,chr20_q12_013_rs1397851,,,
