chr1,9780224,9780224,T
chr1,9780703,9780703,T
chr1,27023376,27023376,G
chr1,27101417,27101417,G
chr1,93303041,93303041,T
chr1,93303079,93303079,G
chr2,25505490,25505522,TGGGTAATAGCTCTGAGGCGCCTGAGTCCTGGG
chr2,25505528,25505528,-
chr2,25965263,25965263,G
chr2,25965286,25965286,T
chr2,25965287,25965287,T
chr2,25965289,25965289,T
chr2,58453914,58453914,A
chr2,61719312,61719363,-
chr2,63053238,63053238,A
chr2,179640249,179640249,T
chr2,179644017,179644017,A
chr2,179644020,179644020,G
chr2,179650657,179650662,-
chr2,179659221,179659221,A
chr3,38607971,38607971,G
chr3,47103652,47103652,G
chr3,47103653,47103653,G
chr3,47205375,47205375,T
chr4,79366679,79366679,T
chr4,79434697,79434697,T
chr4,79434700,79434700,C
chr4,106156849,106156849,C
chr4,106157302,106157302,T
chr4,153332605,153332607,-
chr4,153332697,153332697,G
chr4,164050063,164050063,A
chr4,164050090,164050090,G
chr4,164050104,164050104,G
chr4,164050109,164050112,GGGG
chr4,164050138,164050226,ATGGTAAGTTAAGTAATGGATGAGCAGCCATGTTTGGTGTAGCCCAACCCATGTTTACAGGTGGGGGTGGTGGTGGGGGTGGAGGGCGG
chr4,164050167,164050167,T
chr4,164050224,164050224,C
chr4,170398630,170398630,A
chr4,187510288,187510288,C
chr4,187628276,187628276,G
chr4,187628325,187628325,A
chr4,187629285,187629285,A
chr5,1293703,1293703,T
chr5,67522527,67522527,G
chr6,32552005,32552005,A
chr6,32552014,32552014,A
chr6,32552015,32552015,G
chr6,32552060,32552060,G
chr6,32552080,32552080,A
chr6,32552086,32552086,A
chr6,32552095,32552095,T
chr6,32552129,32552129,T
chr6,32552131,32552131,A
chr6,32552137,32552137,C
chr6,32552138,32552138,A
chr6,32552139,32552139,G
chr6,32552141,32552141,A
chr6,46660414,46660414,A
chr6,152639264,152639264,C
chr6,152652250,152652250,G
chr6,152674780,152674780,A
chr7,50450263,50450263,-
chr7,92732277,92732277,G
chr7,92732278,92732278,G
chr7,92733155,92733155,T
chr7,134346401,134346405,TTAAA
chr7,148543583,148543583,C
chr7,150697652,150697652,A
chr7,150704038,150704038,T
chr7,151842340,151842340,A
chr7,151856112,151856112,T
chr7,151860128,151860128,C
chr7,151878386,151878386,C
chr7,151884915,151884915,C
chr7,151927023,151927023,C
chr7,151927067,151927067,C
chr7,151933015,151933015,A
chr7,151935799,151935799,G
chr7,151935866,151935866,A
chr7,151935871,151935871,A
chr7,151945060,151945060,A
chr7,151945109,151945109,C
chr7,151945228,151945228,A
chr7,151962294,151962294,A
chr7,151962296,151962296,C
chr7,151970859,151970859,A
chr7,151970884,151970884,C
chr7,151970889,151970889,G
chr7,152346220,152346220,-
chr8,77618376,77618376,A
chr8,77618380,77618380,T
chr8,77618385,77618385,C
chr8,77763422,77763422,A
chr8,77763592,77763592,C
chr8,77764711,77764711,C
chr8,77765243,77765243,T
chr8,77765287,77765289,CCA
chr8,77765355,77765355,C
chr8,77765360,77765360,C
chr8,77765363,77765363,A
chr9,98011545,98011545,T
chr9,127620225,127620225,A
chr9,127623813,127623813,C
chr9,133760559,133760559,T
chr9,139390945,139390947,-
chr9,139397669,139397669,A
chr10,8100372,8100372,A
chr10,104849436,104849438,-
chr11,32456525,32456525,G
chr11,64534410,64534410,G
chr11,64534413,64534413,G
chr11,64534418,64534418,G
chr11,64534430,64534430,G
chr11,64534439,64534439,G
chr11,64534452,64534452,G
chr11,64534457,64534457,G
chr11,64534484,64534484,G
chr11,118343232,118343232,A
chr11,118344778,118344778,A
chr11,119149356,119149358,-
chr12 ,122252346,122252346,A
chr12,12871212,12871212,A
chr12,12871214,12871214,T
chr12,12871240,12871240,A
chr12,49425392,49425392,A
chr12,49427482,49427482,T
chr12,49427665,49427667,-
chr12,49434672,49434672,C
chr12,49443806,49443806,A
chr12,49444484,49444484,T
chr12,49444782,49444782,G
chr12,49444848,49444848,A
chr12,49444870,49444870,C
chr12,49444878,49444878,A
chr12,49444890,49444890,C
chr12,49444897,49444897,C
chr12,49444902,49444902,G
chr12,49444906,49444906,G
chr12,49444921,49444921,G
chr12,49444932,49444932,T
chr12,49444944,49444944,T
chr12,49444945,49444945,G
chr12,49444957,49444957,C
chr12,49444957,49444957,G
chr12,49444975,49444975,G
chr12,49444977,49444977,C
chr12,49444984,49444984,C
chr12,49444985,49444985,G
chr12,49444986,49444986,C
chr12,49444998,49444998,T
chr12,49444999,49444999,G
chr12,49445013,49445013,T
chr12,49445014,49445014,G
chr12,49445025,49445025,C
chr12,49445025,49445025,G
chr12,49445026,49445026,A
chr12,49445029,49445029,A
chr12,49445038,49445038,G
chr12,49445040,49445040,C
chr12,49445040,49445040,G
chr12,49445055,49445055,G
chr12,49445067,49445067,C
chr12,49445085,49445085,T
chr12,49445092,49445092,A
chr12,49445092,49445092,G
chr12,49445094,49445094,C
chr12,49445106,49445106,C
chr12,49445122,49445122,G
chr12,49445125,49445125,G
chr12,49445127,49445127,G
chr12,49445133,49445133,T
chr12,49445134,49445134,G
chr12,49445137,49445137,A
chr12,49445148,49445148,C
chr12,49445148,49445148,G
chr12,49445164,49445164,A
chr12,49445175,49445175,A
chr12,49445202,49445202,T
chr12,49445218,49445218,A
chr12,49445229,49445229,T
chr12,49445247,49445247,T
chr12,49445254,49445254,G
chr12,49445262,49445262,G
chr12,49445267,49445267,G
chr12,49445288,49445288,G
chr12,49445289,49445289,G
chr12,49445307,49445307,G
chr12,49445313,49445313,G
chr12,49445320,49445320,G
chr12,49445346,49445346,A
chr12,49445347,49445347,G
chr12,49445347,49445347,T
chr12,49445354,49445354,T
chr12,49445373,49445373,A
chr12,49445374,49445374,G
chr12,49445380,49445380,G
chr12,49445381,49445381,C
chr12,49445409,49445409,T
chr12,49445427,49445427,A
chr12,49445428,49445428,G
chr12,49445455,49445455,T
chr12,49445462,49445462,G
chr12,49445490,49445490,G
chr12,49445490,49445490,T
chr12,49445493,49445493,T
chr12,49445499,49445499,G
chr12,49445511,49445511,G
chr12,49445517,49445517,G
chr12,49445517,49445517,T
chr12,49445535,49445535,G
chr12,49445536,49445536,G
chr12,49445563,49445563,A
chr12,49445570,49445570,T
chr12,49445592,49445592,G
chr12,49445598,49445598,T
chr12,49445616,49445616,G
chr12,49445617,49445617,T
chr12,49445644,49445644,T
chr12,49445658,49445658,G
chr12,49445659,49445659,G
chr12,49445667,49445667,G
chr12,49445696,49445696,A
chr12,49445697,49445697,G
chr12,49445698,49445698,G
chr12,49445725,49445725,G
chr12,49445732,49445732,G
chr12,49445739,49445739,A
chr12,49445740,49445740,A
chr12,49445748,49445748,A
chr12,49445754,49445754,G
chr12,49445778,49445778,A
chr12,49445779,49445779,G
chr12,49445783,49445783,A
chr12,49445784,49445784,G
chr12,49445820,49445820,G
chr12,49445821,49445821,G
chr12,49445866,49445866,A
chr12,49445985,49445985,G
chr12,49446030,49446030,G
chr12,49446069,49446069,G
chr12,49446075,49446075,T
chr12,49446094,49446094,G
chr12,111856653,111856653,A
chr12,122242666,122242666,C
chr12,122242669,122242669,C
chr12,122242672,122242672,C
chr12,122242675,122242675,C
chr12,122252165,122252165,G
chr12,122252257,122252260,CCCC
chr12,122252272,122252275,CCCC
chr12,122252276,122252276,C
chr12,122252280,122252280,C
chr12,122252285,122252285,C
chr12,122252342,122252342,C
chr12,122252343,122252343,A
chr12,122252346,122252346,T
chr12,122252355,122252355,A
chr12,122252408,122252408,C
chr12,122261001,122261001,C
chr12,122261008,122261008,A
chr12,122261029,122261029,A
chr12,122261280,122261280,C
chr12,122261281,122261281,C
chr13,32912619,32912619,C
chr13,32968844,32968844,G
chr13,48937094,48937094,C
chr13,49033944,49033944,A
chr13,108861262,108861262,C
chr14,99640816,99640816,C
chr14,99640832,99640832,C
chr14,99641786,99641786,G
chr15,66727558,66727562,CTGGT
chr15,66727565,66727565,-
chr16,3632483,3632483,T
chr16,3778303,3778305,-
chr16,3778902,3778902,G
chr16,3779199,3779199,G
chr16,14676063,14676063,C
chr16,16315618,16315618,T
chr16,89851372,89851436,-
chr17 ,7752311,7752311,C
chr17,1563699,1563739,TACCCTCTCCCCTCGATTCCAGCCCACCTGACATAAGTCCA
chr17,7606714,7606714,G
chr17,7606722,7606722,-
chr17,7749398,7749398,G
chr17,7749403,7749403,C
chr17,7749420,7749420,A
chr17,7749717,7749717,C
chr17,7749722,7749722,C
chr17,7749723,7749723,C
chr17,7749740,7749740,A
chr17,7750178,7750198,ACCACCACCACCACCACCACC
chr17,7750183,7750183,-
chr17,7750231,7750231,C
chr17,7750481,7750481,C
chr17,7751023,7751023,C
chr17,7751030,7751030,C
chr17,7751033,7751033,C
chr17,7751062,7751062,G
chr17,7751168,7751168,C
chr17,7751261,7751261,C
chr17,7751887,7751887,A
chr17,7751890,7751890,A
chr17,7751896,7751896,A
chr17,7751900,7751900,C
chr17,7751901,7751901,G
chr17,7751978,7751978,C
chr17,7752001,7752001,C
chr17,7752002,7752002,C
chr17,7752011,7752011,C
chr17,7752296,7752296,A
chr17,7752311,7752311,A
chr17,7752313,7752313,A
chr17,7752317,7752317,A
chr17,7752727,7752727,A
chr17,8136328,8136328,C
chr17,8701814,8701814,T
chr17,29496992,29496992,C
chr17,29556923,29556923,G
chr17,29654712,29654712,G
chr17,45214531,45214531,A
chr17,45214551,45214551,A
chr17,45214564,45214564,T
chr17,45214606,45214606,T
chr17,45214614,45214614,G
chr17,45214615,45214615,C
chr17,45214617,45214617,C
chr17,45214623,45214623,A
chr17,45214633,45214633,C
chr17,45214636,45214636,C
chr17,45214648,45214648,C
chr17,45214651,45214651,G
chr17,45214654,45214654,T
chr17,45214669,45214669,G
chr17,45214684,45214684,A
chr17,45214689,45214689,T
chr17,45214699,45214699,C
chr17,45216247,45216247,T
chr17,45216248,45216248,G
chr17,45219239,45219239,T
chr17,45219241,45219241,C
chr17,45219332,45219332,G
chr17,45219357,45219357,-
chr17,45219364,45219364,C
chr17,45221273,45221273,C
chr17,45221286,45221286,T
chr17,45221298,45221298,G
chr17,45221317,45221317,C
chr17,45221318,45221318,C
chr17,45229200,45229200,T
chr17,45229209,45229209,C
chr17,45229221,45229221,T
chr17,45229228,45229228,C
chr17,45229234,45229234,C
chr17,45229253,45229253,G
chr17,45229254,45229254,G
chr17,45232084,45232084,TCTCA
chr17,45232093,45232093,C
chr17,45232102,45232102,C
chr17,45232109,45232109,G
chr17,45234287,45234287,G
chr17,45234298,45234298,C
chr17,45234301,45234301,A
chr17,45234327,45234327,T
chr17,45234331,45234331,G
chr17,45234343,45234343,G
chr17,45234360,45234360,C
chr17,45234367,45234367,T
chr17,45234397,45234397,A
chr17,45234403,45234403,G
chr17,45234463,45234463,C
chr17,45234477,45234477,C
chr17,45234481,45234481,C
chr17,45234484,45234484,C
chr17,45234486,45234486,C
chr17,45234658,45234658,G
chr17,45234663,45234663,C
chr17,45234665,45234665,A
chr17,45234666,45234666,A
chr17,45234671,45234671,GCG
chr17,45234673,45234673,GGC
chr17,45234678,45234678,C
chr17,45234720,45234720,C
chr17,45234721,45234721,A
chr17,45235598,45235598,T
chr17,45249316,45249316,C
chr17,45249365,45249365,T
chr17,45249391,45249391,G
chr17,45258951,45258951,G
chr17,45258954,45258954,G
chr17,45258966,45258966,GGTA
chr17,45266510,45266510,G
chr17,45266522,45266522,C
chr17,45266535,45266535,C
chr18,42281745,42281745,T
chr18,42618600,42618600,A
chr18,42643485,42643485,C
chr18,42643492,42643495,CCCC
chr18,42643503,42643503,C
chr18,42643508,42643508,C
chr18,42643509,42643509,C
chr18,42643510,42643510,C
chr18,42643511,42643511,C
chr18,42643518,42643518,C
chr19,856070,856070,T
chr19,856071,856071,T
chr19,856075,856075,T
chr19,4047785,4047785,G
chr19,4047788,4047788,C
chr19,4047804,4047804,C
chr19,4047842,4047842,C
chr19,13054620,13054667,GAGGACAAGGAGGATGATGAGGACAAAGATGAGGATGAGGAGGATGAG
chr19,17953244,17953244,G
chr19,17953253,17953253,C
chr19,23545092,23545092,T
chr19,23545093,23545093,C
chr19,23545100,23545100,A
chr19,23545175,23545175,G
chr19,40360929,40360929,T
chr19,40364372,40364372,C
chr19,40382305,40382305,A
chr19,40389733,40389733,T
chr19,40392057,40392057,T
chr19,40411831,40411831,T
chr19,54649666,54649666,C
chr19,54649671,54649671,-
chr19,56171541,56171541,A
chr19,56171542,56171542,G
chr19,56171544,56171544,A
chr19,56171881,56171881,C
chr19,56171893,56171893,C
chr19,56171896,56171896,C
chr19,56171898,56171898,C
chr19,56171917,56171917,C
chr19,56171922,56171922,A
chr19,56171925,56171925,A
chr19,56171980,56171980,A
chr20,62292822,62292824,-
chr20,62305429,62305519,-
chr21,36164572,36164572,G
chr21,36164589,36164589,T
chr21,36164593,36164593,G
chr21,36164600,36164600,-
chr21,36164605,36164605,G
chr21,36164605,36164610,AGCGCT
chr21,36164607,36164607,G
chr21,36164609,36164609,G
chr21,36164610,36164610,G
chr21,36164612,36164615,CCCC
chr21,36164619,36164619,C
chr22,17684628,17684628,A
chr22,29130450,29130464,TCCTCAGGTTCTTGG
chr22,30733699,30733699,C
chr22,30733700,30733700,C
chr22,30733702,30733702,C
chr22,30733703,30733703,C
chr22,30733706,30733706,C
chr22,30733708,30733708,C
chr22,30733709,30733709,C
chr22,30733715,30733715,T
chr22,30742328,30742330,-
chr22,41545917,41545917,A
chr22,41545919,41545919,A
chr22,41545931,41545931,A
chrX,14883239,14883239,G
chrX,39922294,39922294,T
chrX,41201995,41201995,A
chrX,48547187,48547187,C
chrX,53426608,53426608,-
chrX,76907782,76907784,-
chrX,76937427,76937427,T
chrX,76937680,76937680,C
chrX,129147404,129147404,C
chrX,129147446,129147446,T
chrX,129147823,129147823,G
chrX,129147829,129147829,G
chrX,129147835,129147835,G
chrX,129147863,129147863,C
chrX,129147866,129147866,A
chrX,129147871,129147871,C
chrX,129147874,129147874,C
chrX,129147914,129147914,A
chrX,129147916,129147916,C
chrX,129147937,129147937,G
chrX,129147938,129147938,A
chrX,129147958,129147958,G
chr11,118344440,118344440,T
chr11,32456849,32456849,T
chr11,64537776,64537776,T
chr1,1721931,1721931,T
chr11,85979542,85979542,T
chr1,190250723,190250723,A
chr12,111856218,111856218,T
chr12,111856529,111856529,T
chr12,111886081,111886081,G
chr12,122248361,122248361,T
chr12,122260890,122260890,T
chr12,22778272,22778272,T
chr12,22778437,22778437,T
chr12,22796849,22796849,G
chr12,50031274,50031274,T
chr1,27087504,27087504,T
chr1,27101100,27101100,T
chr1,27105748,27105748,T
chr1,27105796,27105796,T
chr1,27106057,27106057,T
chr13,28592644,28592644,A
chr14,105242012,105242012,T
chr1,43817952,43817952,T
chr14,99737516,99737516,T
chr16,67671746,67671746,T
chr17,1554486,1554486,A
chr17,1557275,1557275,A
chr17,1578607,1578607,A
chr17,1585430,1585430,T
chr17,29556088,29556088,A
chr17,29677334,29677334,G
chr17,29685595,29685595,G
chr17,29685600,29685600,G
chr17,7578190,7578190,G
chr17,7751090,7751090,T
chr18,42281559,42281559,T
chr18,42643518,42643518,T
chr19,10287981,10287981,T
chr1,92946642,92946642,T
chr19,33793217,33793217,A
chr19,56170693,56170693,T
chr19,856133,856133,T
chr20,31022971,31022971,T
chr20,31023837,31023837,T
chr21,36164433,36164433,A
chr21,36164623,36164623,C
chr21,36164847,36164847,T
chr22,28146940,28146940,T
chr22,28194912,28194912,TGCTGCTGCTGCTGCTGCTGTTGCTGC
chr22,30737827,30737827,A
chr2,25457254,25457254,T
chr2,25464525,25464525,T
chr2,25468189,25468189,T
chr2,25965904,25965904,T
chr2,46603866,46603866,T
chr3,41266504,41266504,T
chr3,47125523,47125523,T
chr3,47161697,47161697,A
chr4,106155524,106155524,A
chr4,106164880,106164880,T
chr4,106196849,106196849,T
chr4,164050083,164050083,A
chr4,55593615,55593615,T
chr4,55593618,55593618,T
chr6,79675470,79675470,A
chr7,50467933,50467933,A
chr7,92735104,92735104,T
chr8,117870607,117870607,G
chr8,77618062,77618062,T
chr8,77763589,77763589,A
chr8,77764390,77764390,T
chr9,139391485,139391485,A
chrX,15339757,15339757,A
chrX,47071906,47071906,T
chrX,48649707,48649707,T
chrX,55046887,55046887,T
