chr17,7750183,7750183,-
chr19,56171541,56171541,A
chr21,36164605,36164610,AGCGCT
chr21,36164600,36164600,-
chr19,56171542,56171542,G
chr2,25505528,25505528,-
chr17,7752296,7752296,A
chr19,23545100,23545100,A
chr19,23545093,23545093,C
chr19,56171544,56171544,A
chr19,23545092,23545092,T
chrX,129147958,129147958,G
chr17,7751896,7751896,A
chr12,122252346,122252346,T
chr17,1563699,1563739,TACCCTCTCCCCTCGATTCCAGCCCACCTGACATAAGTCCA
chr17,7750231,7750231,C
chr19,23545175,23545175,G
chr19,13054620,13054667,GAGGACAAGGAGGATGATGAGGACAAAGATGAGGATGAGGAGGATGAG
chr22,29130450,29130464,TCCTCAGGTTCTTGG
chr22,30733715,30733715,T
chr19,23545093,23545093,C
chr2,25505528,25505528,-
chr7,134346401,134346405,TTAAA
chr17,7750178,7750198,ACCACCACCACCACCACCACC
chr2,25505490,25505522,TGGGTAATAGCTCTGAGGCGCCTGAGTCCTGGG
chr4,164050138,164050226,ATGGTAAGTTAAGTAATGGATGAGCAGCCATGTTTGGTGTAGCCCAACCCATGTTTACAGGTGGGGGTGGTGGTGGGGGTGGAGGGCGG
chr8,77765287,77765289,CCA
chr7,50450263,50450263,-
chr8,77618380,77618380,T
chr8,77618376,77618376,A
chr14,99640832,99640832,C
chr8,77618385,77618385,C
chr15,66727565,66727565,-
chr14,99640816,99640816,C
chr15,66727558,66727562,CTGGT
chrX,53426608,53426608,-
chr17,7751896,7751896,A
chr17,7751901,7751901,G
chr16,3778902,3778902,G
chr17,7751887,7751887,A
chr17,29496992,29496992,C
chr17,7751890,7751890,A
chr19,4047788,4047788,C
chr4,164050224,164050224,C
